,Start_node,End_node,Road_Type,Region,Distance
0,722,50059,MAJOR ROUTE,HK,200.68960689252947
1,724,722,URBAN ROAD,HK,145.04864441624414
2,752,875,URBAN ROAD,HK,219.87761491633538
3,756,752,URBAN ROAD,HK,253.60965901860476
4,760,756,URBAN ROAD,HK,252.63620556166583
5,762,50078,MAJOR ROUTE,HK,272.5263208899963
6,781,50098,MAJOR ROUTE,HK,234.36561092051127
7,786,7861,URBAN ROAD,HK,86.37599920233241
8,789,7908,URBAN ROAD,HK,204.68335685410804
9,793,877,MAJOR ROUTE,HK,438.7053028813308
10,818,821,MAJOR ROUTE,HK,531.5902641063069
11,821,50107,MAJOR ROUTE,HK,477.5840807378234
12,868,870,MAJOR ROUTE,HK,166.31751228505874
13,870,4651,MAJOR ROUTE,HK,120.99055659174338
14,875,3402,URBAN ROAD,HK,187.039339229646
15,893,4652,MAJOR ROUTE,HK,363.04715502817066
16,896,724,URBAN ROAD,HK,203.1238588363004
17,910,931,MAJOR ROUTE,HK,179.8785916360956
18,930,931,MAJOR ROUTE,HK,396.1519436506506
19,930,9101,MAJOR ROUTE,HK,459.77586928057315
20,931,4650,MAJOR ROUTE,HK,236.46222176415765
21,3006,30069,URBAN ROAD,K,340.31806170994014
22,3010,888301,URBAN ROAD,K,357.2207223034339
23,3363,3369,URBAN ROAD,K,251.5704980991898
24,3368,88810,MAJOR ROUTE,K,40.568443345688245
25,3369,33691,URBAN ROAD,K,97.82120960716989
26,3369,3370,URBAN ROAD,K,144.3963767804586
27,3370,34211,URBAN ROAD,K,251.0934645640733
28,3393,88817,MAJOR ROUTE,K,400.88584339921135
29,3395,3393,MAJOR ROUTE,K,575.9692276146058
30,3402,8979,URBAN ROAD,HK,186.0906424426136
31,3417,3681,URBAN ROAD,K,249.83626092771206
32,3419,3417,URBAN ROAD,K,290.1678708017947
33,3450,34502,URBAN ROAD,K,30.17378006644713
34,3453,46312,MAJOR ROUTE,K,223.13945668309483
35,3457,3664,MAJOR ROUTE,K,192.76408099360924
36,3458,88819,URBAN ROAD,K,159.0557363693907
37,3459,3615,URBAN ROAD,K,175.1971329606653
38,3460,78201,URBAN ROAD,K,443.1911172788594
39,3470,3006,URBAN ROAD,K,440.1110897592673
40,3480,88818,URBAN ROAD,K,745.4302469877294
41,3480,888302,MAJOR ROUTE,K,351.7893537707791
42,3483,88825,MAJOR ROUTE,K,293.68701828357405
43,3484,4640,MAJOR ROUTE,K,30.489956018730886
44,3488,3489,URBAN ROAD,K,224.3777707978384
45,3489,88816,URBAN ROAD,K,218.27355004881002
46,3491,3010,URBAN ROAD,K,330.23611373023857
47,3498,3499,URBAN ROAD,K,210.01963498231459
48,3499,88822,URBAN ROAD,K,119.44225377322505
49,3500,3499,URBAN ROAD,K,256.9592030189369
50,3502,3500,URBAN ROAD,K,178.78938700902796
51,3503,3502,URBAN ROAD,K,518.4138007289064
52,3504,888231,URBAN ROAD,K,207.7478771065211
53,3505,3504,URBAN ROAD,K,352.070036809476
54,3506,3483,MAJOR ROUTE,K,101.66994836332238
55,3615,3460,URBAN ROAD,K,186.74718202687984
56,3632,46322,MAJOR ROUTE,K,237.62615286954815
57,3633,3632,MAJOR ROUTE,K,581.7928540273775
58,3637,888151,MAJOR ROUTE,K,571.2595886722539
59,3639,88814,MAJOR ROUTE,K,188.7491242674805
60,3643,88813,MAJOR ROUTE,K,472.39720446076853
61,3644,3690,MAJOR ROUTE,K,715.9764642327931
62,3651,4632,MAJOR ROUTE,HK,158.06673576219902
63,3664,3458,URBAN ROAD,K,443.75555860563435
64,3681,3395,URBAN ROAD,K,319.14975736448537
65,3690,3643,MAJOR ROUTE,K,724.3041711878706
66,3692,46332,MAJOR ROUTE,K,282.4331909754697
67,3715,3457,MAJOR ROUTE,K,498.93730273008794
68,4640,4643,MAJOR ROUTE,K,283.7706930321576
69,4643,3480,MAJOR ROUTE,K,151.76126388069224
70,4644,88801,MAJOR ROUTE,K,33.40644457071243
71,4646,88806,URBAN ROAD,K,28.793490609187145
72,4647,46478,MAJOR ROUTE,HK,30.24149306106157
73,4648,46488,MAJOR ROUTE,HK,28.647737656328093
74,4649,46497,MAJOR ROUTE,HK,38.09162373448739
75,4650,3651,MAJOR ROUTE,HK,2253.8251713627883
76,4651,4631,MAJOR ROUTE,HK,2064.3332793807276
77,4652,4633,MAJOR ROUTE,HK,1970.2857315644862
78,5011,50119,MAJOR ROUTE,HK,25.73398888291509
79,7861,7871,URBAN ROAD,HK,79.07055214521452
80,7871,7881,URBAN ROAD,HK,124.2567731405496
81,7881,870,MAJOR ROUTE,HK,232.92658255421014
82,7908,7909,URBAN ROAD,HK,55.20822313375429
83,7909,793,URBAN ROAD,HK,477.4513914029922
84,8212,8182,MAJOR ROUTE,HK,520.7580580563994
85,8978,896,URBAN ROAD,HK,308.66860227641166
86,8979,8978,URBAN ROAD,HK,53.933179199649544
87,9101,50108,MAJOR ROUTE,HK,217.65098750242723
88,30069,888301,URBAN ROAD,K,127.88636292342692
89,33671,3363,URBAN ROAD,K,83.7092802956674
90,33681,3643,MAJOR ROUTE,K,298.9785290229055
91,33691,33671,URBAN ROAD,K,255.8239293654796
92,33701,3369,URBAN ROAD,K,144.0303185988505
93,34211,33681,MAJOR ROUTE,K,541.1302069407077
94,34212,34213,MAJOR ROUTE,K,279.7181368039991
95,34212,33701,URBAN ROAD,K,297.47702107258766
96,34213,34222,MAJOR ROUTE,K,1019.5469526174155
97,34214,34211,MAJOR ROUTE,K,183.21500223068378
98,34221,34214,MAJOR ROUTE,K,1030.6843109865542
99,34222,888241,MAJOR ROUTE,K,256.72015424290254
100,34371,88821,MAJOR ROUTE,K,780.0770530038225
101,34372,3450,MAJOR ROUTE,K,643.0521170167193
102,34481,34371,MAJOR ROUTE,K,629.7126220354314
103,34501,34481,URBAN ROAD,K,216.3018604857694
104,34502,88812,URBAN ROAD,K,288.6512645211789
105,34551,34554,URBAN ROAD,K,154.09168795095368
106,34552,88803,URBAN ROAD,K,134.69624146972396
107,34554,34501,URBAN ROAD,K,187.52842571671297
108,34554,888302,URBAN ROAD,K,37.70487707025653
109,34781,36662,URBAN ROAD,K,423.6241682737224
110,34783,88805,URBAN ROAD,K,31.061496129232214
111,34982,36661,URBAN ROAD,K,786.3468012943626
112,35071,3488,URBAN ROAD,K,617.5474516118567
113,35071,3505,URBAN ROAD,K,113.18140790618921
114,36511,46502,MAJOR ROUTE,K,2252.870411824281
115,36661,34783,URBAN ROAD,K,453.5816886963193
116,36662,3498,URBAN ROAD,K,811.7380806049524
117,36821,3491,URBAN ROAD,K,321.2875820285768
118,36821,34982,MAJOR ROUTE,K,214.27369303819185
119,46312,46319,MAJOR ROUTE,K,212.78437201525435
120,46319,46512,MAJOR ROUTE,K,1850.1884025159304
121,46322,36511,MAJOR ROUTE,K,156.35949035326794
122,46332,46522,MAJOR ROUTE,K,0.0
123,46478,46479,MAJOR ROUTE,HK,187.49420922531323
124,46479,781,MAJOR ROUTE,HK,205.5319025135389
125,46488,762,MAJOR ROUTE,HK,226.14778598504574
126,46495,4649,MAJOR ROUTE,HK,37.45065074003146
127,50018,760,MAJOR ROUTE,HK,145.94009976481965
128,50019,50018,MAJOR ROUTE,HK,56.27740997021161
129,50045,50049,MAJOR ROUTE,HK,252.1993004959036
130,50048,893,MAJOR ROUTE,HK,552.8713471167832
131,50049,50048,MAJOR ROUTE,HK,51.827745608285674
132,50058,50045,MAJOR ROUTE,HK,261.644378669178
133,50059,50058,MAJOR ROUTE,HK,50.70755264358858
134,50078,50079,MAJOR ROUTE,HK,53.82748780862306
135,50098,50099,MAJOR ROUTE,HK,63.486563361977154
136,50106,8212,MAJOR ROUTE,HK,475.0258417289079
137,50107,50109,MAJOR ROUTE,HK,61.863431522221546
138,50108,50106,MAJOR ROUTE,HK,56.48471632788387
139,50109,910,MAJOR ROUTE,HK,211.13215931056098
140,50119,930,MAJOR ROUTE,HK,511.85033114015744
141,50178,50019,MAJOR ROUTE,HK,498.08932430128533
142,50179,50178,MAJOR ROUTE,HK,68.08049980674902
143,78201,88820,URBAN ROAD,K,196.9289746617206
144,88801,36821,MAJOR ROUTE,K,280.1626323530001
145,88803,34781,URBAN ROAD,K,62.97529973253153
146,88805,34551,URBAN ROAD,K,116.12766406195381
147,88806,88807,URBAN ROAD,K,41.127467718030516
148,88807,3506,URBAN ROAD,K,588.5534536650133
149,88807,35071,URBAN ROAD,K,180.62587844455527
150,88810,34212,MAJOR ROUTE,K,391.91878092093503
151,88812,88827,URBAN ROAD,K,51.838023296894725
152,88813,888131,MAJOR ROUTE,K,66.98080454272018
153,88814,888141,MAJOR ROUTE,K,57.313690083438765
154,88816,888161,URBAN ROAD,K,58.21043736241564
155,88817,888171,MAJOR ROUTE,K,57.3331815951716
156,88818,888181,URBAN ROAD,K,57.15006934186684
157,88819,888191,URBAN ROAD,K,59.49618947074882
158,88820,888201,URBAN ROAD,K,59.77011688192789
159,88821,888211,MAJOR ROUTE,K,68.18419562000842
160,88822,888221,URBAN ROAD,K,66.96603355696064
161,88824,34372,MAJOR ROUTE,K,791.8515548251887
162,88825,3484,MAJOR ROUTE,K,197.5230977687257
163,88827,34552,URBAN ROAD,K,180.44699799263364
164,88827,888303,URBAN ROAD,K,139.32859638864315
165,888131,3639,MAJOR ROUTE,K,1408.3476325752144
166,888141,3637,MAJOR ROUTE,K,395.1984185362321
167,888151,3633,MAJOR ROUTE,K,67.59545653909768
168,888161,3419,URBAN ROAD,K,148.65588296949463
169,888171,3644,MAJOR ROUTE,K,595.5968147334235
170,888181,3715,URBAN ROAD,K,367.56033267213604
171,888191,3459,URBAN ROAD,K,81.8715117109075
172,888201,3470,URBAN ROAD,K,459.2861377215402
173,888211,34221,MAJOR ROUTE,K,255.0026389831662
174,888221,3010,URBAN ROAD,K,66.9347919157368
175,888231,3503,URBAN ROAD,K,67.55911802139961
176,888241,88824,MAJOR ROUTE,K,60.63952885991921
177,888301,3692,MAJOR ROUTE,K,418.3025005322106
178,888302,888303,MAJOR ROUTE,K,133.59920856606263
179,888303,3453,MAJOR ROUTE,K,222.19311242586375
180,991001,992001,MAJOR ROUTE,ST,20.00000635726856
181,991002,992004,MAJOR ROUTE,ST,19.996028532265424
182,991003,992007,MAJOR ROUTE,ST,19.999981369771344
183,991004,992010,MAJOR ROUTE,ST,20.00000198061121
184,991005,992013,MAJOR ROUTE,ST,20.000027878805867
185,991006,992016,MAJOR ROUTE,ST,19.998045811001866
186,991007,992019,MAJOR ROUTE,ST,19.96864896226669
187,991008,992022,MAJOR ROUTE,ST,19.999976114577127
188,991009,992025,MAJOR ROUTE,ST,19.999286512894297
189,991010,992028,MAJOR ROUTE,ST,19.999978371831325
190,991011,992031,MAJOR ROUTE,ST,19.999922078712697
191,991012,992034,MAJOR ROUTE,ST,19.99992082407336
192,991013,992037,MAJOR ROUTE,ST,20.000068223500673
193,991015,992042,MAJOR ROUTE,ST,19.99995735812183
194,991016,992045,MAJOR ROUTE,ST,20.000027983963303
195,991017,992048,MAJOR ROUTE,ST,19.999923231808175
196,991018,992051,MAJOR ROUTE,ST,20.000042312278655
197,991019,992054,MAJOR ROUTE,ST,19.99996047333041
198,991020,992057,MAJOR ROUTE,ST,20.00005790130224
199,991021,992060,MAJOR ROUTE,ST,19.996506309939274
200,991022,992063,MAJOR ROUTE,ST,19.999912237328203
201,991023,992066,MAJOR ROUTE,ST,20.000036027673023
202,991024,992069,MAJOR ROUTE,ST,19.99953433075005
203,991025,992072,URBAN ROAD,ST,19.99186527194464
204,991026,992075,MAJOR ROUTE,ST,19.999996164422072
205,991027,992078,MAJOR ROUTE,ST,19.999923337397462
206,991028,992083,URBAN ROAD,ST,19.99996496195065
207,991029,992084,MAJOR ROUTE,ST,19.993582191098362
208,991030,992086,URBAN ROAD,ST,19.997411564478245
209,991031,992090,URBAN ROAD,ST,19.999974659833878
210,991032,992093,URBAN ROAD,ST,19.999874298425688
211,991033,992098,MAJOR ROUTE,ST,19.984862229075706
212,991034,992101,MAJOR ROUTE,ST,19.99999296943541
213,991035,992104,URBAN ROAD,ST,19.97389766662239
214,991035,992105,MAJOR ROUTE,ST,19.99990009120471
215,991036,992108,MAJOR ROUTE,ST,20.000047395222253
216,991037,992111,MAJOR ROUTE,ST,19.999465923355558
217,991038,992114,MAJOR ROUTE,ST,19.938400011118276
218,991040,992119,MAJOR ROUTE,ST,19.99997287465405
219,991041,992122,MAJOR ROUTE,ST,20.000018734652627
220,991042,992125,MAJOR ROUTE,ST,19.997143558735825
221,991044,992130,MAJOR ROUTE,ST,19.999160035039584
222,991045,992133,MAJOR ROUTE,ST,19.999930183409298
223,991046,992136,MAJOR ROUTE,ST,19.999934232518555
224,991048,992139,MAJOR ROUTE,TM,19.99996835152925
225,991049,992144,MAJOR ROUTE,TM,19.999880394371136
226,991050,992145,MAJOR ROUTE,TM,19.99593754390263
227,991051,992148,MAJOR ROUTE,TM,20.00000429233851
228,991052,992151,MAJOR ROUTE,TM,19.999930355742524
229,991053,992154,MAJOR ROUTE,TM,19.99992481551462
230,991054,992157,MAJOR ROUTE,TM,19.999853457220546
231,991055,992160,MAJOR ROUTE,TM,19.999930557127936
232,991056,992163,MAJOR ROUTE,TM,19.999941639994642
233,991057,992166,MAJOR ROUTE,TM,19.98079427488775
234,991058,992169,MAJOR ROUTE,TM,19.997229386062248
235,991059,992172,MAJOR ROUTE,TM,19.9998634754193
236,991060,992175,MAJOR ROUTE,TM,19.999952566626327
237,991061,992178,MAJOR ROUTE,TM,19.997842257867013
238,991062,992181,MAJOR ROUTE,TM,19.999913176974587
239,991063,992184,MAJOR ROUTE,TM,19.99992882078453
240,991064,992187,MAJOR ROUTE,TM,19.997485448939806
241,991065,992190,MAJOR ROUTE,TM,19.999893302330353
242,991066,992193,MAJOR ROUTE,TM,19.999311205947006
243,991067,992196,MAJOR ROUTE,TM,19.999161799834855
244,991068,992199,MAJOR ROUTE,TM,19.999767292103147
245,991069,992202,MAJOR ROUTE,TM,19.99983310713559
246,991070,992205,MAJOR ROUTE,TM,19.999908748347483
247,991071,992208,MAJOR ROUTE,TM,19.999884929255003
248,991072,992211,MAJOR ROUTE,TM,19.99987112838924
249,991073,992214,MAJOR ROUTE,TM,19.999419655746653
250,991074,992217,MAJOR ROUTE,TM,19.999949515644616
251,991075,992220,MAJOR ROUTE,TM,19.999915673414872
252,991076,992223,MAJOR ROUTE,TM,19.999893162258537
253,991077,992226,MAJOR ROUTE,TM,19.99986318452441
254,991078,992229,MAJOR ROUTE,TM,19.995219540164847
255,991079,992232,MAJOR ROUTE,TM,19.999935776898305
256,991080,992235,MAJOR ROUTE,TM,19.98315211169937
257,991081,992238,MAJOR ROUTE,TM,19.999984736593067
258,991082,992241,MAJOR ROUTE,TM,19.999096350617016
259,991084,992246,URBAN ROAD,TM,19.999853776807747
260,991085,992248,URBAN ROAD,TM,19.99902108296435
261,991086,992252,URBAN ROAD,TM,19.999959032909118
262,991087,992254,URBAN ROAD,TM,19.995029720697662
263,991088,992258,URBAN ROAD,TM,19.994480524719172
264,991089,992261,URBAN ROAD,TM,19.999546540799493
265,991090,992264,URBAN ROAD,TM,19.999903448835045
266,991091,992267,URBAN ROAD,TM,19.99993738376433
267,991092,992270,URBAN ROAD,TM,19.998745228508746
268,991093,992273,URBAN ROAD,TM,19.999650788990188
269,991094,992276,URBAN ROAD,TM,19.99991881670773
270,991095,992279,URBAN ROAD,TM,19.995592112412332
271,991096,992282,URBAN ROAD,TM,19.965855148987824
272,991097,992285,URBAN ROAD,TM,19.999967909291257
273,992001,992002,MAJOR ROUTE,ST,445.20343238167754
274,992002,992003,MAJOR ROUTE,ST,19.998367260577773
275,992003,991002,MAJOR ROUTE,ST,19.999926439787778
276,992004,992005,MAJOR ROUTE,ST,800.0951895810467
277,992005,992006,MAJOR ROUTE,ST,0.0
278,992006,991003,MAJOR ROUTE,ST,39.999858120827334
279,992007,993001,MAJOR ROUTE,ST,431.7082057733498
280,992008,992009,MAJOR ROUTE,ST,19.996663382439
281,992009,991004,MAJOR ROUTE,ST,19.99994108241221
282,992010,992011,MAJOR ROUTE,ST,201.58451343794727
283,992011,992012,MAJOR ROUTE,ST,19.999975527426354
284,992012,991005,MAJOR ROUTE,ST,19.99998537895011
285,992013,992040,MAJOR ROUTE,ST,354.9498349844578
286,992014,992015,MAJOR ROUTE,ST,19.992375762418067
287,992015,991006,MAJOR ROUTE,ST,20.00001819604073
288,992016,992017,MAJOR ROUTE,ST,502.89771008776773
289,992017,992018,MAJOR ROUTE,ST,19.993887747601693
290,992018,991007,MAJOR ROUTE,ST,19.998311883484856
291,992019,992020,MAJOR ROUTE,ST,846.8975219859453
292,992020,992021,MAJOR ROUTE,ST,20.000046369206856
293,992021,991008,MAJOR ROUTE,ST,19.999918583625576
294,992022,992023,MAJOR ROUTE,ST,799.1132747302547
295,992023,992024,MAJOR ROUTE,ST,19.998889010594873
296,992024,991009,MAJOR ROUTE,ST,19.989994584434935
297,992025,992026,MAJOR ROUTE,ST,261.1560879090809
298,992026,992027,MAJOR ROUTE,ST,19.999984098988808
299,992027,991010,MAJOR ROUTE,ST,19.999957775376927
300,992028,992029,MAJOR ROUTE,ST,141.8195805366088
301,992029,992030,MAJOR ROUTE,ST,19.988589819277905
302,992030,991011,MAJOR ROUTE,ST,19.999997217399656
303,992031,993002,MAJOR ROUTE,ST,137.72813231601134
304,992032,992033,MAJOR ROUTE,ST,19.997333551065
305,992033,991012,MAJOR ROUTE,ST,19.999975903209645
306,992034,992035,MAJOR ROUTE,ST,167.578597364887
307,992035,992036,MAJOR ROUTE,ST,0.0
308,992036,991013,MAJOR ROUTE,ST,39.99880274399598
309,992037,993003,MAJOR ROUTE,ST,279.2265002766479
310,992038,992039,MAJOR ROUTE,ST,19.99846213976392
311,992039,991014,MAJOR ROUTE,ST,19.988492242000543
312,992040,992041,MAJOR ROUTE,ST,19.999643305931368
313,992041,991015,MAJOR ROUTE,ST,19.99995739950556
314,992042,992043,MAJOR ROUTE,ST,541.261470088944
315,992043,992044,MAJOR ROUTE,ST,19.999992769329193
316,992044,991016,MAJOR ROUTE,ST,19.999959849892097
317,992045,992046,MAJOR ROUTE,ST,301.09197595047056
318,992046,992047,MAJOR ROUTE,ST,19.999770741551277
319,992047,991017,MAJOR ROUTE,ST,19.995447445128733
320,992048,993005,MAJOR ROUTE,ST,81.35846713767523
321,992049,992050,MAJOR ROUTE,ST,19.999949590312873
322,992050,991018,MAJOR ROUTE,ST,19.999958759367537
323,992051,992052,MAJOR ROUTE,ST,478.5065738499076
324,992052,992053,MAJOR ROUTE,ST,19.999914599276785
325,992053,991019,MAJOR ROUTE,ST,20.000012020472656
326,992054,993006,MAJOR ROUTE,ST,280.04811827827564
327,992055,992056,MAJOR ROUTE,ST,19.999885827699842
328,992056,991020,MAJOR ROUTE,ST,19.99497497531618
329,992057,993007,MAJOR ROUTE,ST,34.18716719917609
330,992058,992059,MAJOR ROUTE,ST,19.99851309354967
331,992059,991021,MAJOR ROUTE,ST,19.99206547171808
332,992060,992061,MAJOR ROUTE,ST,867.5715592349958
333,992061,992062,MAJOR ROUTE,ST,20.000005207354135
334,992062,991022,MAJOR ROUTE,ST,19.99998034096734
335,992063,992064,MAJOR ROUTE,ST,251.89797728317416
336,992064,992065,MAJOR ROUTE,ST,20.00001916015987
337,992065,991023,MAJOR ROUTE,ST,19.999974030353137
338,992066,993011,MAJOR ROUTE,ST,750.3438346652143
339,992067,992068,MAJOR ROUTE,ST,19.999441259681994
340,992068,991024,MAJOR ROUTE,ST,19.9999081153287
341,992069,992095,MAJOR ROUTE,ST,657.7334324208979
342,992070,992071,URBAN ROAD,ST,19.999973572311834
343,992071,991025,URBAN ROAD,ST,19.99999652167861
344,992072,993009,URBAN ROAD,ST,533.1761362483493
345,992073,992074,MAJOR ROUTE,ST,19.99984560270044
346,992074,991026,MAJOR ROUTE,ST,19.999953231832723
347,992075,993006,MAJOR ROUTE,ST,275.0349219058183
348,992076,992077,MAJOR ROUTE,ST,19.999972034373478
349,992077,991027,MAJOR ROUTE,ST,19.99990960386908
350,992078,993010,MAJOR ROUTE,ST,446.40031597556447
351,992079,992081,URBAN ROAD,ST,19.998766797806304
352,992080,992082,MAJOR ROUTE,ST,19.998362926707035
353,992081,991028,URBAN ROAD,ST,19.999977461192
354,992082,991029,MAJOR ROUTE,ST,19.99947727046446
355,992083,992070,URBAN ROAD,ST,672.9654020466528
356,992084,993011,MAJOR ROUTE,ST,660.5125510200753
357,992085,991030,URBAN ROAD,ST,19.974680695712753
358,992086,992087,URBAN ROAD,ST,19.999221192680928
359,992087,993012,URBAN ROAD,ST,536.7982695445497
360,992088,992089,URBAN ROAD,ST,19.981855292690827
361,992089,991031,URBAN ROAD,ST,19.999946468471027
362,992090,993013,URBAN ROAD,ST,518.6367766713786
363,992091,992092,URBAN ROAD,ST,20.00003931028126
364,992092,991032,URBAN ROAD,ST,19.99994976333895
365,992093,992094,URBAN ROAD,ST,612.5602884828575
366,992094,992096,URBAN ROAD,ST,0.0
367,992095,992097,MAJOR ROUTE,ST,19.99499664577714
368,992096,991033,URBAN ROAD,ST,39.62898315493424
369,992097,991033,MAJOR ROUTE,ST,19.999977298674143
370,992098,992099,MAJOR ROUTE,ST,406.8069595629871
371,992099,992100,MAJOR ROUTE,ST,0.0
372,992100,991034,MAJOR ROUTE,ST,39.99997764494065
373,992101,992102,MAJOR ROUTE,ST,371.58306680004847
374,992102,992103,MAJOR ROUTE,ST,19.998985434494024
375,992103,991035,MAJOR ROUTE,ST,19.99865079122359
376,992104,992085,URBAN ROAD,ST,220.9011138010054
377,992105,992106,MAJOR ROUTE,ST,218.96491683950407
378,992106,992107,MAJOR ROUTE,ST,0.0
379,992107,991036,MAJOR ROUTE,ST,39.955163968639724
380,992108,993014,MAJOR ROUTE,ST,278.41055396225437
381,992109,992110,MAJOR ROUTE,ST,20.000023835441926
382,992110,991037,MAJOR ROUTE,ST,19.99991251747939
383,992111,992112,MAJOR ROUTE,ST,295.4834983950689
384,992112,992113,MAJOR ROUTE,ST,0.0
385,992113,991038,MAJOR ROUTE,ST,39.77360684362239
386,992114,993015,MAJOR ROUTE,ST,122.49172963248915
387,992115,993016,MAJOR ROUTE,ST,5.2000016670851865
388,992116,991039,MAJOR ROUTE,ST,19.96485700594056
389,992117,992118,MAJOR ROUTE,ST,19.99995930050363
390,992118,991040,MAJOR ROUTE,ST,19.999966997177854
391,992119,992120,MAJOR ROUTE,ST,569.8903314752018
392,992120,992121,MAJOR ROUTE,ST,19.999937887438282
393,992121,991041,MAJOR ROUTE,ST,19.997837028887595
394,992122,993013,MAJOR ROUTE,ST,599.9384662039876
395,992123,992124,MAJOR ROUTE,ST,19.999963813606623
396,992124,991042,MAJOR ROUTE,ST,20.000052064935137
397,992125,993017,MAJOR ROUTE,ST,1315.7590668700009
398,992126,992127,MAJOR ROUTE,ST,19.99555433659146
399,992127,991043,MAJOR ROUTE,ST,19.999947682090603
400,992128,992129,MAJOR ROUTE,ST,19.999963203687418
401,992129,991044,MAJOR ROUTE,ST,20.00002232334289
402,992130,992131,MAJOR ROUTE,ST,806.8859694123181
403,992131,992132,MAJOR ROUTE,ST,19.999845660778284
404,992132,991045,MAJOR ROUTE,ST,19.99995887624225
405,992133,992134,MAJOR ROUTE,ST,104.1419727061828
406,992134,992135,MAJOR ROUTE,ST,19.999931264660255
407,992135,991046,MAJOR ROUTE,ST,20.00003021153317
408,992136,993019,MAJOR ROUTE,ST,120.1140101391188
409,992137,992138,MAJOR ROUTE,ST,19.999984777497158
410,992138,991047,MAJOR ROUTE,ST,19.999978464968386
411,992139,993021,MAJOR ROUTE,TM,1117.646341838613
412,992140,992142,MAJOR ROUTE,TM,19.998837167876637
413,992141,992143,MAJOR ROUTE,TM,19.999881105536822
414,992142,991049,MAJOR ROUTE,TM,39.99815074398218
415,992143,991050,MAJOR ROUTE,TM,39.95289158860652
416,992144,992164,MAJOR ROUTE,TM,525.3093041123667
417,992145,992146,MAJOR ROUTE,TM,774.0112980513271
418,992146,992147,MAJOR ROUTE,TM,19.999946172905886
419,992147,991051,MAJOR ROUTE,TM,19.999948723613713
420,992148,992149,MAJOR ROUTE,TM,809.7454017271876
421,992149,992150,MAJOR ROUTE,TM,19.999784711631484
422,992150,991052,MAJOR ROUTE,TM,19.99945040388627
423,992151,992152,MAJOR ROUTE,TM,691.9870412835319
424,992152,992153,MAJOR ROUTE,TM,0.0
425,992153,991053,MAJOR ROUTE,TM,39.99740458014229
426,992154,992155,MAJOR ROUTE,TM,1408.952217880603
427,992155,992156,MAJOR ROUTE,TM,0.0
428,992156,991054,MAJOR ROUTE,TM,39.99496956226223
429,992157,992158,MAJOR ROUTE,TM,1075.1034007190224
430,992158,992159,MAJOR ROUTE,TM,0.0
431,992159,991055,MAJOR ROUTE,TM,39.99597753767211
432,992160,993022,MAJOR ROUTE,TM,564.4562911266439
433,992161,992162,MAJOR ROUTE,TM,19.99998061098883
434,992162,991056,MAJOR ROUTE,TM,39.999559901010976
435,992163,993024,MAJOR ROUTE,TM,574.0767708941802
436,992164,992165,MAJOR ROUTE,TM,19.99262419104071
437,992165,991057,MAJOR ROUTE,TM,19.967072835781643
438,992166,992167,MAJOR ROUTE,TM,792.5154848636091
439,992167,992168,MAJOR ROUTE,TM,19.986053440346332
440,992168,991058,MAJOR ROUTE,TM,19.997647988159464
441,992169,992170,MAJOR ROUTE,TM,1143.5376069096033
442,992170,992171,MAJOR ROUTE,TM,0.0
443,992171,991059,MAJOR ROUTE,TM,39.999416386305796
444,992172,992173,MAJOR ROUTE,TM,814.2239971799385
445,992173,992174,MAJOR ROUTE,TM,19.999921224442517
446,992174,991060,MAJOR ROUTE,TM,19.999406016229596
447,992175,992176,MAJOR ROUTE,TM,1131.3153618632398
448,992176,992177,MAJOR ROUTE,TM,19.99989327833079
449,992177,991061,MAJOR ROUTE,TM,19.999935431111645
450,992178,992179,MAJOR ROUTE,TM,817.4499648157228
451,992179,992180,MAJOR ROUTE,TM,19.999376881969052
452,992180,991062,MAJOR ROUTE,TM,19.999911273384615
453,992181,992182,MAJOR ROUTE,TM,803.7789112273919
454,992182,992183,MAJOR ROUTE,TM,19.999963490160685
455,992183,991063,MAJOR ROUTE,TM,19.99981231243403
456,992184,992185,MAJOR ROUTE,TM,1068.9335605746382
457,992185,992186,MAJOR ROUTE,TM,19.999401986476553
458,992186,991064,MAJOR ROUTE,TM,19.99891206064446
459,992187,992188,MAJOR ROUTE,TM,1190.803627836732
460,992188,992189,MAJOR ROUTE,TM,19.999885222147537
461,992189,991065,MAJOR ROUTE,TM,19.999854787025118
462,992190,992191,MAJOR ROUTE,TM,752.5223539790189
463,992191,992192,MAJOR ROUTE,TM,19.999865974120834
464,992192,991066,MAJOR ROUTE,TM,19.99971513066862
465,992193,992194,MAJOR ROUTE,TM,1211.9660346786031
466,992194,992195,MAJOR ROUTE,TM,19.99785733866051
467,992195,991067,MAJOR ROUTE,TM,19.997383101490072
468,992196,993025,MAJOR ROUTE,TM,451.75321642321063
469,992197,992198,MAJOR ROUTE,TM,19.999927083110684
470,992198,991068,MAJOR ROUTE,TM,39.99565855048268
471,992199,992200,MAJOR ROUTE,TM,458.96028106491076
472,992200,992201,MAJOR ROUTE,TM,0.0
473,992201,991069,MAJOR ROUTE,TM,39.999839914433764
474,992202,992203,MAJOR ROUTE,TM,906.4362535929918
475,992203,992204,MAJOR ROUTE,TM,0.0
476,992204,991070,MAJOR ROUTE,TM,39.99864116608015
477,992205,992206,MAJOR ROUTE,TM,1213.3756268635614
478,992206,992207,MAJOR ROUTE,TM,0.0
479,992207,991071,MAJOR ROUTE,TM,39.985062692604984
480,992208,992209,MAJOR ROUTE,TM,741.0035886438313
481,992209,992210,MAJOR ROUTE,TM,0.0
482,992210,991072,MAJOR ROUTE,TM,39.543946271686984
483,992211,992212,MAJOR ROUTE,TM,1012.9039148467125
484,992212,992213,MAJOR ROUTE,TM,0.0
485,992213,991073,MAJOR ROUTE,TM,39.96286621441876
486,992214,992215,MAJOR ROUTE,TM,792.6412763455
487,992215,992216,MAJOR ROUTE,TM,19.99960626433311
488,992216,991074,MAJOR ROUTE,TM,19.99974695758415
489,992217,992218,MAJOR ROUTE,TM,758.3318198012813
490,992218,992219,MAJOR ROUTE,TM,19.99993634675848
491,992219,991075,MAJOR ROUTE,TM,19.999968088448757
492,992220,992221,MAJOR ROUTE,TM,822.7153320318131
493,992221,992222,MAJOR ROUTE,TM,19.99990438511201
494,992222,991076,MAJOR ROUTE,TM,19.99997750148943
495,992223,992224,MAJOR ROUTE,TM,1308.7843612447093
496,992224,992225,MAJOR ROUTE,TM,0.0
497,992225,991077,MAJOR ROUTE,TM,39.99989673013684
498,992226,992227,MAJOR ROUTE,TM,1585.2720917572638
499,992227,992228,MAJOR ROUTE,TM,19.999794453315406
500,992228,991078,MAJOR ROUTE,TM,19.99700096948358
501,992229,992230,MAJOR ROUTE,TM,1184.2673600977107
502,992230,992231,MAJOR ROUTE,TM,19.999942213785058
503,992231,991079,MAJOR ROUTE,TM,19.975837376521646
504,992232,992233,MAJOR ROUTE,TM,1075.997506577688
505,992233,992234,MAJOR ROUTE,TM,0.0
506,992234,991080,MAJOR ROUTE,TM,39.92253183280869
507,992235,992236,MAJOR ROUTE,TM,969.6591591026909
508,992236,992237,MAJOR ROUTE,TM,19.999870922157562
509,992237,991081,MAJOR ROUTE,TM,19.999944615123614
510,992238,992239,MAJOR ROUTE,TM,864.3659657055789
511,992239,992240,MAJOR ROUTE,TM,0.0
512,992240,991082,MAJOR ROUTE,TM,39.99682794932602
513,992241,993026,MAJOR ROUTE,TM,576.0660818894703
514,992242,992243,MAJOR ROUTE,TM,19.99999959918846
515,992243,991083,MAJOR ROUTE,TM,19.99993614424698
516,992244,992245,URBAN ROAD,TM,19.995981903152973
517,992245,991084,URBAN ROAD,TM,19.998150694636337
518,992246,992247,URBAN ROAD,TM,915.1364621375544
519,992247,991085,URBAN ROAD,TM,19.993473335039667
520,992248,992249,URBAN ROAD,TM,19.99077112265277
521,992249,992250,URBAN ROAD,TM,786.6977679879254
522,992250,992251,URBAN ROAD,TM,0.0
523,992251,991086,URBAN ROAD,TM,39.98440759756961
524,992252,992253,URBAN ROAD,TM,1154.0499592115139
525,992253,991087,URBAN ROAD,TM,19.980607630483444
526,992254,992255,URBAN ROAD,TM,19.9998291833489
527,992255,992256,URBAN ROAD,TM,908.5878833663602
528,992256,992257,URBAN ROAD,TM,19.99987218966735
529,992257,991088,URBAN ROAD,TM,19.992103108983425
530,992258,992259,URBAN ROAD,TM,937.1527050670447
531,992259,992260,URBAN ROAD,TM,19.999879258166988
532,992260,991089,URBAN ROAD,TM,19.999533649605695
533,992261,992262,URBAN ROAD,TM,1429.8290566015226
534,992262,992263,URBAN ROAD,TM,0.0
535,992263,991090,URBAN ROAD,TM,39.98279127200511
536,992264,992265,URBAN ROAD,TM,1205.3641317886068
537,992265,992266,URBAN ROAD,TM,19.99856853885625
538,992266,991091,URBAN ROAD,TM,19.998128011925612
539,992267,992268,URBAN ROAD,TM,1058.0466278748524
540,992268,992269,URBAN ROAD,TM,19.999844413540153
541,992269,991092,URBAN ROAD,TM,19.999822953240614
542,992270,992271,URBAN ROAD,TM,1619.3202622180513
543,992271,992272,URBAN ROAD,TM,19.9946667005614
544,992272,991093,URBAN ROAD,TM,19.99111907077816
545,992273,992274,URBAN ROAD,TM,308.39877511892456
546,992274,992275,URBAN ROAD,TM,19.954183120705142
547,992275,991094,URBAN ROAD,TM,19.99123495392348
548,992276,992277,URBAN ROAD,TM,979.9569077667604
549,992277,992278,URBAN ROAD,TM,19.99978725244205
550,992278,991095,URBAN ROAD,TM,20.000018202496143
551,992279,992280,URBAN ROAD,TM,1210.96585950314
552,992280,992281,URBAN ROAD,TM,19.999361304838665
553,992281,991096,URBAN ROAD,TM,19.9864539852014
554,992282,992283,URBAN ROAD,TM,1028.0698173670523
555,992283,992284,URBAN ROAD,TM,0.0
556,992284,991097,URBAN ROAD,TM,39.99987586241253
557,992285,992286,URBAN ROAD,TM,940.3435690859103
558,992286,992287,URBAN ROAD,TM,0.0
559,992287,991098,URBAN ROAD,TM,19.99967388528953
560,993001,992008,MAJOR ROUTE,ST,809.060774169434
561,993001,992014,MAJOR ROUTE,ST,373.93265796195686
562,993002,992032,MAJOR ROUTE,ST,706.6896609103485
563,993002,992076,MAJOR ROUTE,ST,757.0160333393327
564,993003,993004,MAJOR ROUTE,ST,3929.554195498564
565,993004,992038,MAJOR ROUTE,ST,125.08311643611977
566,993005,992049,MAJOR ROUTE,ST,820.7679064804009
567,993005,992058,MAJOR ROUTE,ST,225.9593851453747
568,993006,992055,MAJOR ROUTE,ST,229.82587878739375
569,993007,992128,MAJOR ROUTE,ST,933.144464121399
570,993007,993008,MAJOR ROUTE,ST,32.17776151624855
571,993008,992091,URBAN ROAD,ST,428.0350032825608
572,993008,992117,MAJOR ROUTE,ST,861.8508524584224
573,993009,992073,MAJOR ROUTE,ST,182.81765628101124
574,993010,992079,URBAN ROAD,ST,50.184435429174236
575,993010,992080,MAJOR ROUTE,ST,49.72666691100628
576,993011,992067,MAJOR ROUTE,ST,262.770691491107
577,993012,992088,URBAN ROAD,ST,262.40931498629527
578,993013,992123,MAJOR ROUTE,ST,14.126570428036676
579,993014,992109,MAJOR ROUTE,ST,227.42036184104808
580,993015,992115,MAJOR ROUTE,ST,1426.596828985721
581,993016,992116,MAJOR ROUTE,ST,39.7717236499397
582,993017,993018,MAJOR ROUTE,ST,2025.7932569405277
583,993018,992126,MAJOR ROUTE,ST,376.3715955231119
584,993019,993020,MAJOR ROUTE,ST,2559.938472191762
585,993020,992137,MAJOR ROUTE,ST,231.86403169146826
586,993021,992140,MAJOR ROUTE,TM,56.15881252179304
587,993021,992141,MAJOR ROUTE,TM,56.30427865132243
588,993022,993023,MAJOR ROUTE,TM,3698.270223670509
589,993023,992161,MAJOR ROUTE,TM,212.0378471797551
590,993025,992197,MAJOR ROUTE,TM,203.1776507843337
591,993025,992244,URBAN ROAD,TM,354.53401756503365
592,993026,992242,MAJOR ROUTE,TM,826.4145600467757
593,7882,868,MAJOR ROUTE,HK,78.0840464665245
594,785,7882,MAJOR ROUTE,HK,114.22865700322298
595,877,811,MAJOR ROUTE,HK,455.11545203005085
596,50099,785,MAJOR ROUTE,HK,355.1475767611726
597,785,50179,MAJOR ROUTE,HK,299.4343839235253
598,8772,7931,URBAN ROAD,HK,609.6964612073167
599,79118,79119,URBAN ROAD,HK,59.85917184478875
600,7931,79118,URBAN ROAD,HK,343.5047689443265
601,8111,8772,MAJOR ROUTE,HK,430.35464808704705
602,50079,7881,MAJOR ROUTE,HK,319.68823144865263
603,7881,789,MAJOR ROUTE,HK,155.9093330982533
604,7882,789,MAJOR ROUTE,HK,147.17126262247933
605,6113,50057,URBAN ROAD,HK,363.33512566638535
606,79119,786,URBAN ROAD,HK,175.99857590115647
607,46499,818,MAJOR ROUTE,HK,810.8345174375503
608,8182,46495,MAJOR ROUTE,HK,860.3184163427135
609,811,46498,MAJOR ROUTE,HK,185.59823571789363
610,46497,8111,MAJOR ROUTE,HK,65.64279080479213
611,46498,46491,MAJOR ROUTE,HK,29.99811030666394
612,46491,46499,MAJOR ROUTE,HK,29.994635840120385
613,6001,6113,URBAN ROAD,HK,29.99305144604144
614,6111,6112,URBAN ROAD,HK,2116.8676080332725
615,6112,6001,URBAN ROAD,HK,29.79034700024651
616,8111,6111,MAJOR ROUTE,HK,1860.578399256037
617,50057,50058,MAJOR ROUTE,HK,54.126043361427435
618,993026,991047,FAKE ROAD,TM,4243.620158693419
619,991014,888171,FAKE ROAD,K,595.4989530420409
620,992116,4646,FAKE ROAD,K,2452.4981166244556
